,income,size,snap_eligible
0,880202.916253,1,1
1,861107.617485,2,2
2,66063.8065534,0,0
3,81627.2278496,2,2
4,118665.371714,2,2
5,283939.162944,0,0
6,770932.837052,2,2
7,94005.6677365,0,0
8,31025.4467403,0,0
9,68335.9575158,3,3
